file,inboundCount,inKnip,inRoutes,inAssets,score
src/components/ConfirmationModal.jsx,0,false,true,false,5
src/components/ConsistencyDialog.jsx,0,false,true,false,5
src/components/ConversationButton.jsx,0,false,true,false,5
src/components/CurriculumOutline.jsx,0,false,true,false,5
src/components/Dashboard.jsx,0,false,true,false,5
src/components/EmptyState.jsx,0,false,true,false,5
src/components/EnhancedSuggestionCard.helpers.ts,0,false,true,false,5
src/components/EnhancedSuggestionCard.tsx,0,false,true,false,5
src/components/ExpertReviewPanel.tsx,0,false,true,false,5
src/components/FirebaseErrorNotification.jsx,0,false,true,false,5
src/components/FrameworkCelebration.jsx,0,false,true,false,5
src/components/FrameworkOverview.jsx,0,false,true,false,5
src/components/GuestSpeakerHints.jsx,0,false,true,false,5
src/components/HowItWorks.jsx,0,false,true,false,5
src/components/JourneySummary.tsx,0,false,true,false,5
src/components/LandingPage.jsx,0,false,true,false,5
src/components/LazyLoad.tsx,0,false,true,false,5
src/components/LiveFrameworkBuilder.jsx,0,false,true,false,5
src/components/MilestoneAnimation.tsx,0,false,true,false,5
src/components/PedagogicalRationale.jsx,0,false,true,false,5
src/components/ProgressIndicator.jsx,0,false,true,false,5
src/components/ProjectAnimation.tsx,0,false,true,false,5
src/components/ProjectCard.jsx,0,false,true,false,5
src/components/ResearchBacking.tsx,0,false,true,false,5
src/components/RevisionHistory.tsx,0,false,true,false,5
src/components/RiveInteractions.tsx,0,false,true,false,5
src/components/RubricGenerator.jsx,0,false,true,false,5
src/components/SafetyErrorBoundary.jsx,0,false,true,false,5
src/components/SamplesGallery.tsx,0,false,true,false,5
src/components/SaveExitButton.tsx,0,false,true,false,5
src/components/SaveExitButtonProvider.tsx,0,false,true,false,5
src/components/ScrollToTop.tsx,0,false,true,false,5
src/components/StageTransitionModal.jsx,0,false,true,false,5
src/components/SubtleAnimations.jsx,0,false,true,false,5
src/components/SyllabusView.jsx,0,false,true,false,5
src/components/SyncStatusIndicator.tsx,0,false,true,false,5
src/components/TeacherFeedback.tsx,0,false,true,false,5
src/components/UserMenu.jsx,0,false,true,false,5
src/components/analytics/views/StudentView.tsx,0,false,true,false,5
src/components/analytics/views/TeacherView.tsx,0,false,true,false,5
src/components/animations/AnimatedLoader.jsx,0,false,true,false,5
src/components/animations/LottieAnimation.jsx,0,false,true,false,5
src/components/animations/RiveAnimation.jsx,0,false,true,false,5
src/components/animations/ScrollAnimations.jsx,0,false,true,false,5
src/components/assessment/AssessmentAccommodationsPanel.tsx,0,false,true,false,5
src/components/assessment/ExitTicket.tsx,0,false,true,false,5
src/components/assessment/PeerAssessment.tsx,0,false,true,false,5
src/components/assessment/ProgressMonitoringDashboard.tsx,0,false,true,false,5
src/components/assessment/QuickAssessmentStrategies.tsx,0,false,true,false,5
src/components/assessment/SelfReflection.tsx,0,false,true,false,5
src/components/assessment/index.ts,0,false,true,false,5
src/components/chat/AdaptiveMilestones.tsx,0,false,true,false,5
src/components/chat/CelebrationSystem.tsx,0,false,true,false,5
src/components/chat/ChatDebugPanel.tsx,0,false,true,false,5
src/components/chat/ClassContextCapture.tsx,0,false,true,false,5
src/components/chat/CompactRecapBar.tsx,0,false,true,false,5
src/components/chat/ConfirmationFramework.tsx,0,false,true,false,5
src/components/chat/ConfirmationFrameworkExample.tsx,0,false,true,false,5
src/components/chat/ContextualHelp.tsx,0,false,true,false,5
src/components/chat/ContextualInitiator.tsx,0,false,true,false,5
src/components/chat/ConversationFlowEngine.ts,0,false,true,false,5
src/components/chat/ConversationStatus.tsx,0,false,true,false,5
src/components/chat/DebugPanel.tsx,0,false,true,false,5
src/components/chat/ErrorRecovery.tsx,0,false,true,false,5
src/components/chat/ErrorRecoveryEnhanced.tsx,0,false,true,false,5
src/components/chat/FlowGuidance.tsx,0,false,true,false,5
src/components/chat/InputArea.tsx,0,false,true,false,5
src/components/chat/LazyComponents.tsx,0,false,true,false,5
src/components/chat/LightweightCodeBlock.tsx,0,false,true,false,5
src/components/chat/LiveShowcasePreview.tsx,0,false,true,false,5
src/components/chat/LoadingIndicator.tsx,0,false,true,false,5
src/components/chat/MVPActionButtons.tsx,0,false,true,false,5
src/components/chat/MarkdownRendererOptimized.tsx,0,false,true,false,5
src/components/chat/MessageErrorBoundary.tsx,0,false,true,false,5
src/components/chat/MessageRenderer.tsx,0,false,true,false,5
src/components/chat/MessagesList.tsx,0,false,true,false,5
src/components/chat/ProcessOverview.tsx,0,false,true,false,5
src/components/chat/ProgressBar.tsx,0,false,true,false,5
src/components/chat/QuickReplyChips.tsx,0,false,true,false,5
src/components/chat/ReviewChecklist.tsx,0,false,true,false,5
src/components/chat/StageGuideCard.tsx,0,false,true,false,5
src/components/chat/StageInitiatorCards.tsx,0,false,true,false,5
src/components/chat/StageSpecificSuggestions.tsx,0,false,true,false,5
src/components/chat/StageTransition.tsx,0,false,true,false,5
src/components/chat/SuggestionCards.tsx,0,false,true,false,5
src/components/chat/SuggestionPanel.tsx,0,false,true,false,5
src/components/chat/SystemHealth.tsx,0,false,true,false,5
src/components/chat/UDLSuggestionPanel.tsx,0,false,true,false,5
src/components/chat/UIGuidanceSystemV2.tsx,0,false,true,false,5
src/components/chat/stages/ActivityBuilderEnhanced.tsx,0,false,true,false,5
src/components/chat/stages/EnhancedStageInitiator.tsx,0,false,true,false,5
src/components/chat/stages/ImpactDesignerEnhanced.tsx,0,false,true,false,5
src/components/chat/stages/JourneyDetailsStage.tsx,0,false,true,false,5
src/components/chat/stages/JourneyPhaseSelector.tsx,0,false,true,false,5
src/components/chat/stages/JourneyPhaseSelectorDraggable.tsx,0,false,true,false,5
src/components/chat/stages/JourneySummary.tsx,0,false,true,false,5
src/components/chat/stages/LearningJourneyBuilderEnhanced.tsx,0,false,true,false,5
src/components/chat/stages/LearningJourneySummary.tsx,0,false,true,false,5
src/components/chat/stages/LearningPathwayBuilder.tsx,0,false,true,false,5
src/components/chat/stages/MethodSelectionStage.tsx,0,false,true,false,5
src/components/chat/stages/MilestoneSelector.tsx,0,false,true,false,5
src/components/chat/stages/MilestoneSelectorDraggable.tsx,0,false,true,false,5
src/components/chat/stages/ResourceSelector.tsx,0,false,true,false,5
src/components/chat/stages/RubricBuilder.tsx,0,false,true,false,5
src/components/chat/stages/RubricBuilderEnhanced.tsx,0,false,true,false,5
src/components/chat/stages/RubricStage.tsx,0,false,true,false,5
src/components/chat/stages/SimplifiedLearningJourneyStage.tsx,0,false,true,false,5
src/components/chat/stages/StageClarifier.tsx,0,false,true,false,5
src/components/chat/stages/StageInitiator.tsx,0,false,true,false,5
src/components/chat/stages/StepPrompt.tsx,0,false,true,false,5
src/components/chat/stages/index.ts,0,false,true,false,5
src/components/chat/stages/shared/useMultiSelect.ts,0,false,true,false,5
src/components/competency/ALFCompetencyTracker.tsx,0,false,true,false,5
src/components/feasibility/FeasibilityPanel.tsx,0,false,true,false,5
src/components/feedback/QuickFeedback.tsx,0,false,true,false,5
src/components/hero/FeasibilityPanel.tsx,0,false,true,false,5
src/components/hero/ProcessIndicator.tsx,0,false,true,false,5
src/components/hero/StandardsCoverageMap.tsx,0,false,true,false,5
src/components/icons/ButtonIcons.jsx,0,false,true,false,5
src/components/icons/ModernIcons.tsx,0,false,true,false,5
src/components/icons/index.js,0,false,true,false,5
src/components/icons/index.jsx,0,false,true,false,5
src/components/layout/ALFProcessRibbon.tsx,0,false,true,false,5
src/components/onboarding/TourOverlay.tsx,0,false,true,false,5
src/components/onboarding/steamData.ts,0,false,true,false,5
src/components/patterns/ErrorPreventionPatterns.tsx,0,false,true,false,5
src/components/preview/BlueprintPreviewModal.tsx,0,false,true,false,5
src/components/progress/EnhancedProgressIndicator.tsx,0,false,true,false,5
src/components/progress/HeaderProgressBar.tsx,0,false,true,false,5
src/components/progress/MobileProgressIndicator.tsx,0,false,true,false,5
src/components/progress/index.ts,0,false,true,false,5
src/components/standards/StandardsCoverageMap.tsx,0,false,true,false,5
src/components/ui/AlfLogo.tsx,0,false,true,false,5
src/components/ui/BigIdeaAnimation.jsx,0,false,true,false,5
src/components/ui/Button.jsx,0,false,true,false,5
src/components/ui/Card.jsx,0,false,true,false,5
src/components/ui/ConnectionIndicator.tsx,0,false,true,false,5
src/components/ui/DeliverablesAnimation.jsx,0,false,true,false,5
src/components/ui/EnhancedButton.tsx,0,false,true,false,5
src/components/ui/EnhancedCards.jsx,0,false,true,false,5
src/components/ui/FlowChip.tsx,0,false,true,false,5
src/components/ui/GrowingLearningTree.jsx,0,false,true,false,5
src/components/ui/HeroOrbitAnimation.jsx,0,false,true,false,5
src/components/ui/IdeationAnimation.jsx,0,false,true,false,5
src/components/ui/Input.jsx,0,false,true,false,5
src/components/ui/JourneyAnimation.jsx,0,false,true,false,5
src/components/ui/KnowledgeRipples.jsx,0,false,true,false,5
src/components/ui/OptimizedIcons.tsx,0,false,true,false,5
src/components/ui/STEAMVennDiagram.jsx,0,false,true,false,5
src/components/ui/SVGSquircleIcon.tsx,0,false,true,false,5
src/components/ui/SafeBoundary.tsx,0,false,true,false,5
src/components/ui/SolarSystemAnimation.jsx,0,false,true,false,5
src/components/ui/TooltipGlossary.tsx,0,false,true,false,5
src/components/ui/TransformationAnimation.jsx,0,false,true,false,5
src/components/ui/TypewriterText.tsx,0,false,true,false,5
src/design-system/components/Button.tsx,0,false,true,false,5
src/design-system/components/CardNew.tsx,0,false,true,false,5
src/design-system/components/EducationComponents.tsx,0,false,true,false,5
src/design-system/components/EnhancedButton.tsx,0,false,true,false,5
src/design-system/components/Icon.tsx,0,false,true,false,5
src/design-system/components/IconFixed.tsx,0,false,true,false,5
src/design-system/components/Layout.tsx,0,false,true,false,5
src/design-system/components/Typography.tsx,0,false,true,false,5
src/features/chat/ButtonStateTest.tsx,0,false,true,false,5
src/features/chat/ChatLoader.tsx,0,false,true,false,5
src/features/chat/DebugPanel.tsx,0,false,true,false,5
src/features/chat/IconText.tsx,0,false,true,false,5
src/features/chat/IdeaCard.tsx,0,false,true,false,5
src/features/chat/IdeaCardsDisplay.tsx,0,false,true,false,5
src/features/chat/IdeaCardsV2.tsx,0,false,true,false,5
src/features/chat/MessageContent.tsx,0,false,true,false,5
src/features/chat/StageOverview.tsx,0,false,true,false,5
src/features/chat/TestChat.tsx,0,false,true,false,5
src/features/chat/diagnostic.js,0,false,true,false,5
src/features/chat/index.ts,0,false,true,false,5
src/features/chat/parseIdeas.ts,0,false,true,false,5
src/features/chat-mvp/ChatMVP.tsx,0,false,true,false,5
src/features/chat-mvp/components/AIStatus.tsx,0,false,true,false,5
src/features/chat-mvp/components/CoachDrawer.tsx,0,false,true,false,5
src/features/chat-mvp/components/CollapsibleProjectBrief.tsx,0,false,true,false,5
src/features/chat-mvp/components/CompactStageStepper.tsx,0,false,true,false,5
src/features/chat-mvp/components/DecisionBar.tsx,0,false,true,false,5
src/features/chat-mvp/components/DeliverablesPreviewCard.tsx,0,false,true,false,5
src/features/chat-mvp/components/FirebaseStatus.tsx,0,false,true,false,5
src/features/chat-mvp/components/GuidanceFAB.tsx,0,false,true,false,5
src/features/chat-mvp/components/JourneyBoard.tsx,0,false,true,false,5
src/features/chat-mvp/components/JourneyPreviewCard.tsx,0,false,true,false,5
src/features/chat-mvp/components/PhaseDetailExpander.tsx,0,false,true,false,5
src/features/chat-mvp/components/PhaseEditorDrawer.tsx,0,false,true,false,5
src/features/chat-mvp/components/ProjectBriefCard.tsx,0,false,true,false,5
src/features/chat-mvp/components/ResponsiveSidebar.tsx,0,false,true,false,5
src/features/chat-mvp/components/StageGuide.tsx,0,false,true,false,5
src/features/chat-mvp/components/StatusIndicator.tsx,0,false,true,false,5
src/features/chat-mvp/components/SuggestionChips.tsx,0,false,true,false,5
src/features/chat-mvp/components/SyncStatusChip.tsx,0,false,true,false,5
src/features/chat-mvp/components/WorkingDraftSidebar.tsx,0,false,true,false,5
src/features/chat-mvp/components/minimal/index.ts,0,false,true,false,5
src/features/chat-mvp/domain/ai.ts,0,false,true,false,5
src/features/chat-mvp/domain/coachingResponses.ts,0,false,true,false,5
src/features/chat-mvp/domain/courseDescriptionGenerator.ts,0,false,true,false,5
src/features/chat-mvp/domain/deliverablesAI.ts,0,false,true,false,5
src/features/chat-mvp/domain/deliverablesMicroFlow.ts,0,false,true,false,5
src/features/chat-mvp/domain/inputQuality.ts,0,false,true,false,5
src/features/chat-mvp/domain/intentDetection.ts,0,false,true,false,5
src/features/chat-mvp/domain/journeyMicroFlow.ts,0,false,true,false,5
src/features/chat-mvp/domain/journeyTemplate.ts,0,false,true,false,5
src/features/chat-mvp/domain/projectShowcaseGenerator.ts,0,false,true,false,5
src/features/chat-mvp/domain/prompt.ts,0,false,true,false,5
src/features/chat-mvp/domain/specificityScorer.ts,0,false,true,false,5
src/features/chat-mvp/domain/stages.ts,0,false,true,false,5
src/features/chat-mvp/domain/suggestionTracking.ts,0,false,true,false,5
src/features/chat-mvp/hooks/index.ts,0,false,true,false,5
src/features/chat-mvp/hooks/useResponsiveLayout.ts,0,false,true,false,5
src/features/chat-mvp/hooks/useSidebarState.ts,0,false,true,false,5
src/features/deliverables/DeliverablesProgress.jsx,0,false,true,false,5
src/features/ideation/BlueprintStateMachine.js,0,false,true,false,5
src/features/ideation/ButtonFramework.js,0,false,true,false,5
src/features/ideation/ConversationFlowManager.js,0,false,true,false,5
src/features/ideation/IdeationFlowController.js,0,false,true,false,5
src/features/ideation/removeEmojis.js,0,false,true,false,5
src/features/learningJourney/CreativeProcessJourney.tsx,0,false,true,false,5
src/features/learningJourney/StudentCreativeProcess.tsx,0,false,true,false,5
src/features/learningJourney/components/AITutor.tsx,0,false,true,false,5
src/features/learningJourney/components/AdaptiveLearning.tsx,0,false,true,false,5
src/features/learningJourney/components/AssessmentCriteria.tsx,0,false,true,false,5
src/features/learningJourney/components/DataAnalytics.tsx,0,false,true,false,5
src/features/learningJourney/components/IterationAnalytics.tsx,0,false,true,false,5
src/features/learningJourney/components/IterationDialog.tsx,0,false,true,false,5
src/features/learningJourney/components/IterationHistory.tsx,0,false,true,false,5
src/features/learningJourney/components/PeerEvaluation.tsx,0,false,true,false,5
src/features/learningJourney/components/PhaseBuilder.tsx,0,false,true,false,5
src/features/learningJourney/components/PhasePanel.tsx,0,false,true,false,5
src/features/learningJourney/components/PhaseTimeline.tsx,0,false,true,false,5
src/features/learningJourney/components/ReportGenerator.tsx,0,false,true,false,5
src/features/learningJourney/components/RubricBuilder.tsx,0,false,true,false,5
src/features/learningJourney/components/StudentProgress.tsx,0,false,true,false,5
src/features/learningJourney/components/SupportResources.tsx,0,false,true,false,5
src/features/learningJourney/components/TeacherGuidance.tsx,0,false,true,false,5
src/features/learningJourney/hooks/useCreativeJourney.ts,0,false,true,false,5
src/features/learningJourney/index.ts,0,false,true,false,5
src/features/learningJourney/types.ts,0,false,true,false,5
src/features/learningJourney/utils/colorMappings.ts,0,false,true,false,5
src/features/publish/PublishPro.jsx,0,false,true,false,5
src/features/quickstart/QuickSpark.tsx,0,false,true,false,5
src/features/quickstart/QuickSparkActions.ts,0,false,true,false,5
src/features/quickstart/QuickSparkPrompt.ts,0,false,true,false,5
src/features/review/ReviewScreen.tsx,0,false,true,false,5
src/features/review/ReviewScreenDiagnostic.tsx,0,false,true,false,5
src/features/review/ReviewScreenDiagnosticV2.tsx,0,false,true,false,5
src/features/review/exportUtils.tsx,0,false,true,false,5
src/features/review/exportUtilsLazy.ts,0,false,true,false,5
src/features/showcase/AssignmentEditor.tsx,0,false,true,false,5
src/features/showcase/PolishPanel.tsx,0,false,true,false,5
src/features/showcase/ProjectShowcasePage.tsx,0,false,true,false,5
src/features/showcase/components/AssignmentCard.tsx,0,false,true,false,5
src/features/showcase/components/AssignmentPanel.tsx,0,false,true,false,5
src/features/showcase/components/CheckpointAlert.tsx,0,false,true,false,5
src/features/showcase/components/PhaseBeadge.tsx,0,false,true,false,5
src/features/showcase/components/PlanningNotesCard.tsx,0,false,true,false,5
src/features/showcase/components/RunOfShowCard.tsx,0,false,true,false,5
src/features/showcase/utils/phaseColors.ts,0,false,true,false,5
src/features/showcase/utils/scrollToElement.ts,0,false,true,false,5
src/features/showcase/utils/weekAssignmentMap.ts,0,false,true,false,5
src/features/wizard/IntakeWizardMinimal.tsx,0,false,true,false,5
src/features/wizard/WizardV3.tsx,0,false,true,false,5
src/features/wizard/WizardV3Wrapper.tsx,0,false,true,false,5
src/features/wizard/components/StageRoadmapPreview.tsx,0,false,true,false,5
src/features/wizard/config/comprehensiveSubjects.ts,0,false,true,false,5
src/features/wizard/config/realWorldContexts.ts,0,false,true,false,5
src/features/wizard/config/subjectConnections.ts,0,false,true,false,5
src/features/wizard/index.ts,0,false,true,false,5
src/features/wizard/legacy/components/ALFProcessCards.tsx,0,false,true,false,5
src/features/wizard/legacy/components/CardActionBar.tsx,0,false,true,false,5
src/features/wizard/legacy/components/DifferentiationOptionsStep.tsx,0,false,true,false,5
src/features/wizard/legacy/components/EnhancedSubjectSelector.tsx,0,false,true,false,5
src/features/wizard/legacy/components/InlineProcessGuide.tsx,0,false,true,false,5
src/features/wizard/legacy/components/IntelligentSubjectSelector.tsx,0,false,true,false,5
src/features/wizard/legacy/components/ProgressiveSubjectSelector.tsx,0,false,true,false,5
src/features/wizard/legacy/components/ProjectPreviewGenerator.tsx,0,false,true,false,5
src/features/wizard/legacy/components/WhatHappensNext.tsx,0,false,true,false,5
src/features/wizard/legacy/root/ALFOnboarding.tsx,0,false,true,false,5
src/features/wizard/legacy/root/FlexibleSubjectInput.tsx,0,false,true,false,5
src/features/wizard/legacy/root/QuickSelectionTags.tsx,0,false,true,false,5
src/features/wizard/legacy/steps/ALFIntroStep.tsx,0,false,true,false,5
src/features/wizard/legacy/steps/AgeStep.tsx,0,false,true,false,5
src/features/wizard/legacy/steps/ArtifactsRubricsStep.tsx,0,false,true,false,5
src/features/wizard/legacy/steps/DifferentiationStep.tsx,0,false,true,false,5
src/features/wizard/legacy/steps/EnhancedSubjectStep.tsx,0,false,true,false,5
src/features/wizard/legacy/steps/EvidenceLogisticsStep.tsx,0,false,true,false,5
src/features/wizard/legacy/steps/ExhibitionStep.tsx,0,false,true,false,5
src/features/wizard/legacy/steps/GoalsEQStep.tsx,0,false,true,false,5
src/features/wizard/legacy/steps/ImprovedSubjectStep.tsx,0,false,true,false,5
src/features/wizard/legacy/steps/LocationStep.tsx,0,false,true,false,5
src/features/wizard/legacy/steps/MaterialsStep.tsx,0,false,true,false,5
src/features/wizard/legacy/steps/MotivationStep.tsx,0,false,true,false,5
src/features/wizard/legacy/steps/PhasesMilestonesStep.tsx,0,false,true,false,5
src/features/wizard/legacy/steps/ReviewExportStep.tsx,0,false,true,false,5
src/features/wizard/legacy/steps/ReviewStep.tsx,0,false,true,false,5
src/features/wizard/legacy/steps/ScopeStep.tsx,0,false,true,false,5
src/features/wizard/legacy/steps/StudentsStep.tsx,0,false,true,false,5
src/features/wizard/legacy/steps/SubjectScopeStep.tsx,0,false,true,false,5
src/features/wizard/legacy/steps/SubjectStep.tsx,0,false,true,false,5
src/features/wizard/legacy/steps/VisionStep.tsx,0,false,true,false,5
src/features/wizard/steps/DesignStudioIntroStep.tsx,0,false,true,false,5
src/features/wizard/steps/ProjectIntakeStep.tsx,0,false,true,false,5
src/features/wizard/steps/StandardsAlignmentStep.tsx,0,false,true,false,5
src/features/wizard/steps/index.ts,0,false,true,false,5
src/features/wizard/types.ts,0,false,true,false,5
src/features/wizard/useWizardData.ts,0,false,true,false,5
src/features/wizard/wizardExamples.ts,0,false,true,false,5
src/features/wizard/wizardSchema.ts,0,false,true,false,5
src/features/wizard/wizardValidation.ts,0,false,true,false,5
src/pages/DebugTelemetry.tsx,0,false,true,false,5
src/pages/HeroProjectShowcase.tsx,0,false,true,false,5
src/pages/HowItWorks.tsx,0,false,true,false,5
src/pages/HowItWorksSimple.tsx,0,false,true,false,5
src/pages/ProjectShowcase.tsx,0,false,true,false,5
src/pages/SamplePreview.tsx,0,false,true,false,5
src/pages/test-chat-debug.tsx,0,false,true,false,5
src/pages/test-chat-smoke.tsx,0,false,true,false,5
src/pages/test-chat-stability.tsx,0,false,true,false,5
src/services/validation-components.ts,0,false,true,false,5
src/utils/lazy-components.tsx,0,false,true,false,5
public/.DS_Store,0,false,false,true,5
public/_redirects,0,false,false,true,5
public/animations/LivingHistoryPreservingCommunityStories.webm,0,false,false,true,5
public/images/.DS_Store,0,false,false,true,5
public/images/.keep,0,false,false,true,5
public/images/hero-projects/.DS_Store,0,false,false,true,5
public/images/hero-projects/sustainability-campaign/.gitkeep,0,false,false,true,5